username;country;city
rabbittinkle;indonesia;jakarta
tastycitizen;america;california
pythonlength;england;london
wisppear;singapore;singapore
veteranwasteful;indonesia;semarang
purrwhenever;canada;ottawa
earnrafter;france;paris
wrenenchanted;france;paris
stalthorough;singapore;singapore
buzzardprepare;america;new york
multiplyexciting;indonesia;jakarta
guyterms;america;california
endcityoutpost;england;london
lardunlawful;singapore;singapore
screamcurrent;indonesia;semarang
leftocelot;canada;ottawa
repeatingdevastated;france;paris
pearsclamour;france;paris
kneemode;singapore;singapore
whisperedlunar;america;new york
glancetroup;indonesia;jakarta
exemplaryboom;america;california
skillfulrichesse;england;london
wheneveruncommon;singapore;singapore
capbattery;indonesia;semarang
backpillar;canada;ottawa
commonrecruit;france;paris
preciselymacaw;france;paris
wackycontest;singapore;singapore
wistfulcenter;america;new york
curriculumfighter;indonesia;jakarta
electricdialogue;america;california
burgeesallow;england;london
aquaticable;singapore;singapore
advanceelk;indonesia;semarang
locategirdle;canada;ottawa
parkahotsprings;france;paris
woodnoise;france;paris
strangediscuss;singapore;singapore
basketnearly;america;new york
magbackground;indonesia;jakarta
hopehijack;america;california
homelessrestore;england;london
travelscreech;singapore;singapore
cachewhisper;indonesia;semarang
memorizeokay;canada;ottawa
literaturesmooth;france;paris
begantelope;france;paris
capstanportion;singapore;singapore
unusedselect;america;new york
