username;age;gender;platform
rabbittinkle;20;male;android
tastycitizen;42;male;android
pythonlength;24;female;ios
wisppear;37;male;web
veteranwasteful;24;male;web
purrwhenever;36;female;ios
earnrafter;28;female;ios
wrenenchanted;26;female;ios
stalthorough;38;female;android
buzzardprepare;25;male;android
multiplyexciting;21;male;android
guyterms;39;male;android
endcityoutpost;44;female;ios
lardunlawful;38;male;web
screamcurrent;41;male;web
leftocelot;21;female;ios
repeatingdevastated;36;female;ios
pearsclamour;29;female;ios
kneemode;23;female;android
whisperedlunar;44;male;android
glancetroup;43;male;android
exemplaryboom;43;male;android
skillfulrichesse;22;female;ios
wheneveruncommon;25;male;web
capbattery;37;male;web
backpillar;28;female;ios
commonrecruit;18;female;ios
preciselymacaw;20;female;ios
wackycontest;28;female;android
wistfulcenter;44;male;android
curriculumfighter;17;male;android
electricdialogue;37;male;android
burgeesallow;38;female;ios
aquaticable;35;male;web
advanceelk;34;male;web
locategirdle;17;female;ios
parkahotsprings;41;female;ios
woodnoise;44;female;ios
strangediscuss;31;female;android
basketnearly;39;male;android
magbackground;23;male;android
hopehijack;34;male;android
homelessrestore;39;female;ios
travelscreech;20;male;web
cachewhisper;43;male;web
memorizeokay;34;female;ios
literaturesmooth;39;female;ios
begantelope;35;female;ios
capstanportion;17;female;android
unusedselect;23;male;android
